cluster,count,centroid_lat,centroid_lon,max_radius_km
0,80,14.640453467497299,121.0607543313655,4.114028349721569
1,79,14.67987407288963,120.95733715486966,3.0760525682129436
2,81,14.692759187837312,121.00434734832302,2.8799501554576907
3,80,14.572932127983444,120.9738354184306,3.479638812403645
