cluster,count,centroid_lat,centroid_lon,max_radius_km
0,62,14.690209394624866,121.00432365930502,2.205435129610269
1,63,14.640195551590047,121.06030747763116,1.8555671226257326
2,63,14.572888769211236,120.97304783236105,2.496158283804523
3,65,14.677977858790651,120.9565027765665,2.100128892840166
